{"arrest_made":{"1":0.1727115717,"2":0.1898355755,"3":0.1167355372,"4":0.1286701209,"5":0.1050788091,"6":0.1852589641,"7":0.0,"None":0.1385542169}}